model,test_set,precision,recall,mAP50,mAP50-95,AP50_D00,AP50_D10,AP50_D20,AP50_D40,params_M,GFLOPs,FPS
R1_baseline,test,0.4240754684198452,0.30935106666883,0.2743394820852122,0.11533727086512575,0.30561878662626946,0.2288828887464712,0.40401404416931747,0.15884220879879063,2.583,,98.6
R2_cdl,test,0.3685583571500981,0.3654626418341411,0.3008983920885051,0.13799264010617715,0.3336914958963294,0.2733865935094216,0.42307577119027934,0.17343970775799022,3.618,,34.5
R1_baseline,test_clean,0.4240754684198452,0.30935106666883,0.2743394820852122,0.11533727086512575,0.30561878662626946,0.2288828887464712,0.40401404416931747,0.15884220879879063,2.583,,98.6
R1_baseline,test_dark_mild,0.233021918438799,0.16485825863863468,0.11248298352406214,0.04456104854686151,0.17507326037494278,0.10466736971293487,0.13091825840776763,0.03927304560060327,2.583,,98.6
R1_baseline,test_dark_severe,0.05020291153968581,0.031620390547766095,0.008478208133194193,0.003091210146034067,0.01795690203519378,0.010073098138146646,0.00541981285500481,0.0004630195044315317,2.583,,98.6
R2_cdl,test_clean,0.3685583571500981,0.3654626418341411,0.3008983920885051,0.13799264010617715,0.3336914958963294,0.2733865935094216,0.42307577119027934,0.17343970775799022,3.618,,34.5
R2_cdl,test_dark_mild,0.23178488970391642,0.17719470750691746,0.10855802604129738,0.046051578318434205,0.15997207939472924,0.09871002802412437,0.11948637822153345,0.056063618524802475,3.618,,34.5
R2_cdl,test_dark_severe,0.04921178836844284,0.044103077098953204,0.012536571771311329,0.0046868882520152534,0.02369914411036155,0.013289632421118264,0.012520987282727263,0.0006365232710382346,3.618,,34.5
R3_cdl_aug,test_clean,0.343591446011146,0.3508439974107454,0.2942965355753634,0.129382859060553,0.31231400638849716,0.2599907445528344,0.4314647467420256,0.17341664461809642,3.618,,65.5
R3_cdl_aug,test_dark_mild,0.2516584109823437,0.2162850061756818,0.1441733700762247,0.06221359281284612,0.18140305665591416,0.1304258582778384,0.2053328640550949,0.05953170131605137,3.618,,65.5
R3_cdl_aug,test_dark_severe,0.08829756560787458,0.05938917164180635,0.02830456246385022,0.010306232160750732,0.04025149486182264,0.03242753082318932,0.036856286912552515,0.0036829372578364166,3.618,,65.5
R4_cdl_age_aug,test_clean,0.3732652421803177,0.32604876093798746,0.27460199475168356,0.11881635018600925,0.29780270855858193,0.24132604133176666,0.4003284038113199,0.15895082530506566,3.782,,64.3
R4_cdl_age_aug,test_dark_mild,0.2631075397388561,0.21481434910290834,0.14460101255773336,0.06148874144154948,0.17251443545651277,0.11803734105409089,0.20861957575554432,0.07923269796478552,3.782,,64.3
R4_cdl_age_aug,test_dark_severe,0.0827669477942945,0.06571536643528607,0.027994690783240815,0.010145608712040167,0.04634617265638162,0.01469065215559782,0.0486131803355865,0.0023287579853973205,3.782,,64.3
R5_cdl_gated_age_aug,test_clean,0.3649050372928245,0.33942698100043384,0.3017981587263246,0.1284021175576905,0.32594909147562123,0.2795492582718429,0.4423163841555048,0.15937790100232943,3.782,,64.5
R5_cdl_gated_age_aug,test_dark_mild,0.35935625638567736,0.1865554344600992,0.1556465236389497,0.0646960564823801,0.18531833424834482,0.13606478135480676,0.19528962035740718,0.10591335859524006,3.782,,64.5
R5_cdl_gated_age_aug,test_dark_severe,0.10957879246456498,0.06510839566361398,0.033072899965172556,0.012749874202732474,0.04404894856826829,0.02945956552904922,0.05464019975446713,0.0041428860089055795,3.782,,64.5
