model,test_set,AP50_D00,AP50_D10,AP50_D20,AP50_D40
R1_baseline,test_clean,0.30561878662626946,0.2288828887464712,0.40401404416931747,0.15884220879879063
R1_baseline,test_dark_mild,0.17507326037494278,0.10466736971293487,0.13091825840776763,0.03927304560060327
R1_baseline,test_dark_severe,0.01795690203519378,0.010073098138146646,0.00541981285500481,0.0004630195044315317
R2_cdl,test_clean,0.3336914958963294,0.2733865935094216,0.42307577119027934,0.17343970775799022
R2_cdl,test_dark_mild,0.15997207939472924,0.09871002802412437,0.11948637822153345,0.056063618524802475
R2_cdl,test_dark_severe,0.02369914411036155,0.013289632421118264,0.012520987282727263,0.0006365232710382346
R3_cdl_aug,test_clean,0.31231400638849716,0.2599907445528344,0.4314647467420256,0.17341664461809642
R3_cdl_aug,test_dark_mild,0.18140305665591416,0.1304258582778384,0.2053328640550949,0.05953170131605137
R3_cdl_aug,test_dark_severe,0.04025149486182264,0.03242753082318932,0.036856286912552515,0.0036829372578364166
R4_cdl_age_aug,test_clean,0.29780270855858193,0.24132604133176666,0.4003284038113199,0.15895082530506566
R4_cdl_age_aug,test_dark_mild,0.17251443545651277,0.11803734105409089,0.20861957575554432,0.07923269796478552
R4_cdl_age_aug,test_dark_severe,0.04634617265638162,0.01469065215559782,0.0486131803355865,0.0023287579853973205
R5_cdl_gated_age_aug,test_clean,0.32594909147562123,0.2795492582718429,0.4423163841555048,0.15937790100232943
R5_cdl_gated_age_aug,test_dark_mild,0.18531833424834482,0.13606478135480676,0.19528962035740718,0.10591335859524006
R5_cdl_gated_age_aug,test_dark_severe,0.04404894856826829,0.02945956552904922,0.05464019975446713,0.0041428860089055795
